Version,2,,,,,,
Dimension,4,,,,,,
DiagramName,Cs-H2-P-O2 System,,,,,,
T,298.15,,,,,,
AxisType,loga,loga,loga,,,,
AxisLabel,log a(Cs),log p(H2),log a(P),log p(O2),,,
CompositionLabel,Cs,H2,P,O2,,,
LowerLimit,-160,-160,-160,-160,,,
UpperLimit,0,0,0,0,,,
Tvariable,0,,,,,,
Phase,Cs(s),1,0,0,0,0,0
Phase,Cs(g),1,0,0,0,49.532,0
Phase,Cs2(g),2,0,0,0,72.349,0
Phase,CsO(g),1,0,0,0.5,42.54,0
Phase,CsO2(s),1,0,0,1,-242.048,0
Phase,Cs2O(s),2,0,0,0.5,-308.405,0
Phase,Cs2O(g),2,0,0,0.5,-160.389,0
Phase,Cs2O3(s),2,0,0,1.5,-446.161,0
Phase,CsOH(s),1,0.5,0,0.5,-370.716,0
Phase,CsOH(g),1,0.5,0,0.5,-259.924,0
Phase,Cs2(OH)2,2,1,0,1,-644.514,0
Phase,H2(g),0,1,0,0,0,0
Phase,H2O(l),0,1,0,0.5,-237.141,0
Phase,H2O(g),0,1,0,0.5,-228.62,0
Phase,H2O2(l),0,1,0,1,-120.328,0
Phase,H2O2(g),0,1,0,1,-105.445,0
'Phase,HDO(g),0,1,0,0.5,-233.182,0
Phase,H3PO4(s),0,1.5,1,2,-1118.927,0
Phase,O2(g),0,0,0,1,0,0
Phase,P(WHITE)(s),0,0,1,0,0,0
Phase,P(RED)(s),0,0,1,0,-12.028,0
Phase,P4(g),0,0,4,0,24.398,0
Phase,PH3(g),0,1.5,1,0,13.548,0
Phase,PO(g),0,0,1,0.5,-47.149,0
Phase,PO2(g),0,0,1,1,-316.73,0
Phase,P2O5(l),0,0,2,2.5,-1355.675,0
Phase,P4O6(g),0,0,4,3,-2084.688,0
Phase,P4O10(s),0,0,4,5,-2723.344,0
Phase,P4O10(g),0,0,4,5,-2669.72,0
