Version,2.1,,,,,,
Dimension,3,,,,,,
DiagramName,Cs2O-H2O-SO3 System,,,,,,
T,298,,,,,,
AxisType,loga,loga,loga,,,,
AxisLabel,log a(Cs2O),log p(H2O),log p(SO3),,,,
CompositionLabel,Cs2O,H2O,SO3,,,,
LowerLimit,-120,-120,-120,,,,
UpperLimit,20,20,20,,,,
Tvariable,2,,,,,,
*,dGf,dHf,,,,,
*Cs2O,-308.14,-345.77,,,,,
*H2O,-228.572,-241.818,,,,,
*SO3,-371.06,-395.72,,,,,
*Cs2SO4,-1323.54,-1443.02,,,,,
*CsHSO4,-1027,-1158,,,,,
*Cs2S2O7,-1791,-1990,,,,,
*CsOH,-371.55,-417.23,,,,,
*H2SO4,-689.89,-813.99,,,,,
,,,,,,,
*,,Cs2O,H2O,SO3,dGf*,dHf*,d(log a)
Phase,Cs2O (s),1,0,0,0,0,0
Phase,H2O (g),0,1,0,0,0,0
Phase,SO3 (g),0,0,1,0,0,0
Phase,Cs2SO4 (s),1,0,1,-644.34,-701.53,0
Phase,CsHSO4 (s),0.5,0.5,1,-387.584,-468.486,0
Phase,Cs2S2O7 (s),1,0,2,-740.74,-852.79,0
Phase,CsOH (s),0.5,0.5,0,-103.194,-123.436,0
Phase,H2SO4 (l),0,1,1,-90.258,-176.452,0
