Version,2.1,,,,,
Dimension,3,,,,,
DiagramName,W-C-O2 System,,,,,
T,298.15,,,,,
AxisType,Loga,Loga,Loga,,,
AxisLabel,log a(W),log a(C),log p(O2),,,
CompositionLabel,W,C,O2,,,
LowerLimit,-160,-160,-160,,,
UpperLimit,10,10,10,,,
Tvariable,0,,,,,
Phase,W(s),1,0,0,0,0
Phase,C(s),0,1,0,0,0
Phase,O2(g),0,0,1,0,0
Phase,CO(g),0,1,0.5,-137.18,0
Phase,CO2(g),0,1,1,-394.364,0
Phase,C2O(g),0,2,0.5,255.398,0
Phase,WC(s),1,1,0,-38.372,0
Phase,W2C(s),2,1,0,-21.888,0
Phase,W(CO)6(s),1,6,3,-847.408,0
Phase,W(CO)6(g),1,6,3,-821.017,0
Phase,WO(g),1,0,0.5,392.155,0
Phase,WO2(s),1,0,1,-533.86,0
Phase,WO2(g),1,0,1,62.36,0
Phase,WO2.72(s),1,0,1.36,-708.627,0
Phase,WO2.90(s),1,0,1.45,-743.518,0
Phase,WO2.96(s),1,0,1.48,-757.027,0
Phase,WO3(s),1,0,1.5,-764.053,0
Phase,WO3(g),1,0,1.5,-276.754,0
Phase,W2O6(g),2,0,3,-1084.925,0
Phase,W3O8(g),3,0,4,-1583.363,0
Phase,W3O9(g),3,0,4.5,-1869.405,0
Phase,W4O12(g),4,0,6,-2578.594,0
