*******************************************************************
*Add phase data at the bottom of this sheet.
*When you finish editing, save the sheet as a CSV file.
*(Lines starting with an asterisk are regarded as comments.)
*******************************************************************
*------------------------------------------------------
*The data file format version and drawing conditions are written below.
*You can also change these settings when you create diagrams with Chesta.
*------------------------------------------------------
*The data file format version is written here. You don't need to change it from '3'.
Version,3
*Specify the dimension of this data file.
Dimension,4
*Specify the diagram title.
DiagramName,Cl2-Fe-O2-S2 system (1200 K)
*Specify temperature at which thermodynamic data are given.
T,1200
*Specify axis labels in sequence.
AxisLabel,log p(Cl2 (GAS)),log a(Fe (SOL-C)),log p(O2 (GAS)),log p(S2 (GAS))
*Specify axis types in sequence. log activity -> 'loga'  -log activity -> 'pL'  Energy[kJ] -> 'kJ'  Energy[eV] -> 'eV'  Potential[V] -> 'E'
AxisType,loga,loga,loga,loga
*Specify phase names corresponding to each axis.
CompositionLabel,Cl2 (GAS),Fe (SOL-C),O2 (GAS),S2 (GAS)
*Specify lower limits of each axis in sequence.
LowerLimit,-24,-24,-24,-24
*Specify upper limits of each axis in sequence.
UpperLimit,0,0,0,0
*Specify whether the data file supports the temperature change feature or not.
*'0' -> No   '1' -> Yes (Entropies are given.)   '2' -> Yes(Enthalpies are given.)
Tvariable,2
*------------------------------------------------------
*Thermodynamic data of the phases in the system are written below.
*------------------------------------------------------
*Data of each phase are written in a line.
*Think of the reaction formula for the formation of each phase (from the phases of the axes).
*Example: 2 Cl2 + 3 Fe -> Phase X
*Prepare standard Gibbs free energy change (kJ/mol) and standard enthalpy change (kJ/mol) for the reaction.
*Then write the phase name, coefficients on the left-hand side of the reaction formula, standard Gibbs free energy change (kJ/mol), standard enthalpy change (kJ/mol), and log activity shift d(log a) (normally 0) in sequence.
*Example: Phase,Phase X,2,3,0,0,-30,-35,0

*Add phases which belong to the system below.
*,Phase name,Cl2,Fe,O2,S2,DfG*,DfH*,d(log a)
Phase,Cl (GAS),0.5,0,0,0,53.43,124.973,0,DB: Barin_Thermochemical Data of Pure Substances 3rd ed. 1995
Phase,Cl2 (GAS),1,0,0,0,0,0,0,DB: Barin_Thermochemical Data of Pure Substances 3rd ed. 1995
Phase,Cl2O (GAS),1,0,0.5,0,155.967,89.476,0,DB: Barin_Thermochemical Data of Pure Substances 3rd ed. 1995
Phase,ClO (GAS),0.5,0,0.5,0,85.714,101.861,0,DB: Barin_Thermochemical Data of Pure Substances 3rd ed. 1995
Phase,Fe (SOL-C),0,1,0,0,0,0,0,DB: Barin_Thermochemical Data of Pure Substances 3rd ed. 1995
Phase,Fe (GAS),0,1,0,0,236.535,401.766,0,DB: Barin_Thermochemical Data of Pure Substances 3rd ed. 1995
Phase,Fe0.877S (SOL-B),0,0.877,0,0.5,-86.685,-165.609,0,DB: Barin_Thermochemical Data of Pure Substances 3rd ed. 1995
Phase,Fe0.947O (SOL),0,0.947,0.5,0,-186.454,-265.394,0,DB: Barin_Thermochemical Data of Pure Substances 3rd ed. 1995
Phase,Fe2(SO4)3 (SOL),0,2,6,1.5,-1216.18,-2737.023,0,DB: Barin_Thermochemical Data of Pure Substances 3rd ed. 1995
Phase,Fe2Cl4 (GAS),2,2,0,0,-384.685,-449.176,0,DB: Barin_Thermochemical Data of Pure Substances 3rd ed. 1995
Phase,Fe2Cl6 (GAS),3,2,0,0,-437.156,-660.972,0,DB: Barin_Thermochemical Data of Pure Substances 3rd ed. 1995
Phase,Fe2O3 (SOL-B),0,2,1.5,0,-511.164,-810.124,0,DB: Barin_Thermochemical Data of Pure Substances 3rd ed. 1995
Phase,Fe3O4 (SOL-B),0,3,2,0,-732.346,-1094.501,0,DB: Barin_Thermochemical Data of Pure Substances 3rd ed. 1995
Phase,FeCl (GAS),0.5,1,0,0,116.037,235.197,0,DB: Barin_Thermochemical Data of Pure Substances 3rd ed. 1995
Phase,FeCl2 (LIQ),1,1,0,0,-205.817,-287.332,0,DB: Barin_Thermochemical Data of Pure Substances 3rd ed. 1995
Phase,FeCl2 (GAS),1,1,0,0,-194.39,-153.884,0,DB: Barin_Thermochemical Data of Pure Substances 3rd ed. 1995
Phase,FeCl3 (GAS),1.5,1,0,0,-228.61,-264.136,0,DB: Barin_Thermochemical Data of Pure Substances 3rd ed. 1995
Phase,FeO (SOL),0,1,0.5,0,-194.362,-271.165,0,DB: Barin_Thermochemical Data of Pure Substances 3rd ed. 1995
Phase,FeO (GAS),0,1,0.5,0,126.341,233.035,0,DB: Barin_Thermochemical Data of Pure Substances 3rd ed. 1995
Phase,FeS (SOL-C),0,1,0,0.5,-85.815,-158.043,0,DB: Barin_Thermochemical Data of Pure Substances 3rd ed. 1995
Phase,FeS (GAS),0,1,0,0.5,183.077,288.29,0,DB: Barin_Thermochemical Data of Pure Substances 3rd ed. 1995
Phase,O (GAS),0,0,0.5,0,174.619,253.331,0,DB: Barin_Thermochemical Data of Pure Substances 3rd ed. 1995
Phase,O2 (GAS),0,0,1,0,0,0,0,DB: Barin_Thermochemical Data of Pure Substances 3rd ed. 1995
Phase,O3 (GAS),0,0,1.5,0,225.807,144.394,0,DB: Barin_Thermochemical Data of Pure Substances 3rd ed. 1995
Phase,S (GAS),0,0,0,0.5,144.303,216.422,0,DB: Barin_Thermochemical Data of Pure Substances 3rd ed. 1995
Phase,S2 (GAS),0,0,0,1,0,0,0,DB: Barin_Thermochemical Data of Pure Substances 3rd ed. 1995
Phase,S2Cl (GAS),0.5,0,0,1,6.225,-48.443,0,DB: Barin_Thermochemical Data of Pure Substances 3rd ed. 1995
Phase,S2Cl2 (GAS),1,0,0,1,-2.591,-137.618,0,DB: Barin_Thermochemical Data of Pure Substances 3rd ed. 1995
Phase,S2O (GAS),0,0,0.5,1,-108.074,-184.72,0,DB: Barin_Thermochemical Data of Pure Substances 3rd ed. 1995
Phase,S3 (GAS),0,0,0,1.5,34.227,-49.446,0,DB: Barin_Thermochemical Data of Pure Substances 3rd ed. 1995
Phase,S4 (GAS),0,0,0,2,56.363,-103.347,0,DB: Barin_Thermochemical Data of Pure Substances 3rd ed. 1995
Phase,S5 (GAS),0,0,0,2.5,93.346,-200.657,0,DB: Barin_Thermochemical Data of Pure Substances 3rd ed. 1995
Phase,S6 (GAS),0,0,0,3,98.213,-266.177,0,DB: Barin_Thermochemical Data of Pure Substances 3rd ed. 1995
Phase,S7 (GAS),0,0,0,3.5,115.335,-314.362,0,DB: Barin_Thermochemical Data of Pure Substances 3rd ed. 1995
Phase,S8 (GAS),0,0,0,4,141.395,-385.332,0,DB: Barin_Thermochemical Data of Pure Substances 3rd ed. 1995
Phase,SCl (GAS),0.5,0,0,0.5,76.173,93.767,0,DB: Barin_Thermochemical Data of Pure Substances 3rd ed. 1995
Phase,SCl2 (GAS),1,0,0,0.5,-16.194,-80.6,0,DB: Barin_Thermochemical Data of Pure Substances 3rd ed. 1995
Phase,SO (GAS),0,0,0.5,0.5,-65.313,-59.351,0,DB: Barin_Thermochemical Data of Pure Substances 3rd ed. 1995
Phase,SO2 (GAS),0,0,1,0.5,-274.011,-361.636,0,DB: Barin_Thermochemical Data of Pure Substances 3rd ed. 1995
Phase,SO2Cl2 (GAS),1,0,1,0.5,-145.431,-411.586,0,DB: Barin_Thermochemical Data of Pure Substances 3rd ed. 1995
Phase,SO3 (GAS),0,0,1.5,0.5,-260.47,-458.475,0,DB: Barin_Thermochemical Data of Pure Substances 3rd ed. 1995
